-- INSERÇÔES NO BANCO DE DADOS

INSERT INTO pessoa(cpf, nome_pessoa, telefone, endereco, data_nascimento, email)
VALUES
('01715345580', 'Carolina', '37915248862', 'Rua Agostinho 413', '1966-10-28', 'carolina@gmail.com'),
('17974185192', 'Karen', '37954452575', 'Rua Aguiar 253', '2000-04-30', 'karen@gmail.com'),
('87499216118', 'Enzo', '37964951099', 'Rua Albuquerque 351', '1997-04-9', 'enzo@gmail.com'),
('45595416733', 'Rogério', '37953055896', 'Rua Alegria 161', '1960-08-06', 'rogério@gmail.com'),
('12223759808', 'Raphaël', '37910429934', 'Rua Alencastro 410', '1969-02-9', 'raphaël@gmail.com'),
('23717179895', 'KellY', '37958069590', 'Rua Almada 474', '1990-06-03', 'kelly@gmail.com'),
('55133750298', 'Brianna', '37905717278', 'Rua Almeida 195', '1976-9-16', 'brianna@gmail.com'),
('09945250656', 'Ayla', '37990154956', 'Rua Alves 433', '1977-9-01', 'ayla@gmail.com'),
('53370205670', 'Nayma', '37933715713', 'Rua Alves 420', '1998-07-16', 'nayma@gmail.com'),
('57384425278', 'Lena', '37903479532', 'Rua Alvim 297', '1993-06-28', 'lena@gmail.com'),
('27400964098', 'Suéli', '37989425256', 'Rua Amorim 272', '1970-02-19', 'suéli@gmail.com'),
('44452452197', 'Melina', '37931436989', 'Rua Andrade 38', '1969-9-22', 'melina@gmail.com'),
('47612746476', 'Fabiano', '37910608876', 'Rua Antunes 295', '2000-10-26', 'fabiano@gmail.com'),
('30358863617', 'Estêvão', '37910299149', 'Rua Aparício 44', '1971-03-14', 'estêvão@gmail.com'),
('06675987907', 'Theo', '37977039838', 'Rua Apolinário 111', '1963-03-9', 'theo@gmail.com'),
('17294907336', 'Mágui', '37987523624', 'Rua Aragão 187', '1961-07-30', 'mágui@gmail.com'),
('40681003071', 'Aman', '37980638675', 'Rua Araújo 476', '1962-08-17', 'aman@gmail.com'),
('74578537239', 'Nikolai', '37976530124', 'Rua Araújo 388', '1971-9-04', 'nikolai@gmail.com'),
('12908747833', 'Kevyn', '37992057411', 'Rua Arruda 335', '1964-06-21', 'kevyn@gmail.com'),
('99309166836', 'Linda', '37963252809', 'Rua Assis 1', '1979-9-12', 'linda@gmail.com'),
('97603001867', 'Marco', '37955729738', 'Rua Assunção 222', '1972-08-01', 'marco@gmail.com'),
('02097729055', 'Aryana', '37925230379', 'Rua Ávila 488', '1969-10-17', 'aryana@gmail.com'),
('11059758049', 'Laureana', '37949411705', 'Rua Azambuja 382', '1963-08-16', 'laureana@gmail.com'),
('21774170268', 'Rose', '37950388573', 'Rua Baptista 270', '1960-10-25', 'rose@gmail.com'),
('02909678894', 'Matthias', '37983021618', 'Rua Barbosa 223', '1978-01-12', 'matthias@gmail.com'),
('62336243056', 'Nikol', '37976990254', 'Rua Barreto 306', '2002-11-02', 'nikol@gmail.com'),
('20647063059', 'Alicia', '37973020462', 'Rua Barros 147', '1962-05-15', 'alicia@gmail.com'),
('70567609470', 'Manel', '37965765464', 'Rua Barros 407', '1999-9-06', 'manel@gmail.com'),
('12790830646', 'Eunice', '37929342102', 'Rua Beira-Mar 420', '1968-04-18', 'eunice@gmail.com'),
('94898966883', 'Sónia', '37981343937', 'Rua Belchior 426', '1963-03-05', 'sónia@gmail.com'),
('97867799177', 'Simara', '37992079449', 'Rua Belém 188', '1998-02-14', 'simara@gmail.com'),
('37100761266', 'Eder', '37961472824', 'Rua Bernardes 292', '2001-04-23', 'eder@gmail.com'),
('70701339839', 'Quélia', '37997168464', 'Rua Bittencourt 141', '1973-02-27', 'quélia@gmail.com'),
('38305436657', 'Liliane', '37959907553', 'Rua Boaventura 291', '2000-12-24', 'liliane@gmail.com'),
('04616031963', 'Nicholas', '37961021224', 'Rua Bonfim 37', '1991-01-30', 'nicholas@gmail.com'),
('33349763560', 'Jefferson', '37953943788', 'Rua Botelho 339', '1997-04-06', 'jefferson@gmail.com'),
('87608183919', 'Jessé', '37945182438', 'Rua Brites 325', '1969-04-10', 'jessé@gmail.com'),
('80591914751', 'Kataleya', '37905631743', 'Rua Brito 38', '1987-11-05', 'kataleya@gmail.com'),
('70251073878', 'Bryan', '37940136118', 'Rua Caetano 164', '1995-07-20', 'bryan@gmail.com'),
('18907059746', 'Alex', '37997281454', 'Rua Caldeira 236', '1998-9-9', 'alex@gmail.com'),
('24517936812', 'Guiomar', '37949283460', 'Rua Calixto 388', '1985-03-05', 'guiomar@gmail.com'),
('48918952614', 'Diana', '37906457195', 'Rua Camacho 461', '1962-10-18', 'diana@gmail.com'),
('86098800267', 'Martinho', '37919160099', 'Rua Camilo 328', '1987-07-24', 'martinho@gmail.com'),
('26413735767', 'Margarida', '37908010481', 'Rua Campos 374', '2002-11-02', 'margarida@gmail.com'),
('19857084925', 'Rafaella', '37946402076', 'Rua Capelo 181', '1987-08-04', 'rafaella@gmail.com'),
('50512618487', 'Jair', '37910026698', 'Rua Cardoso 409', '1979-10-21', 'jair@gmail.com'),
('88511178208', 'Mizael', '37917519877', 'Rua Cardoso 284', '1974-02-03', 'mizael@gmail.com'),
('12189173879', 'Giani', '37959243430', 'Rua Carvalho 275', '1981-02-04', 'giani@gmail.com'),
('00523169666', 'Aléxia', '37977552355', 'Rua Carvalho 37', '1973-10-15', 'aléxia@gmail.com'),
('28317121000', 'Solange', '37994101573', 'Rua Castro 43', '1968-9-20', 'solange@gmail.com'),
('44433990280', 'Geovanna', '37917749753', 'Rua Castro 33', '1979-12-14', 'geovanna@gmail.com'),
('92846788833', 'Cloe', '37901653873', 'Rua Cavalcante 167', '1965-05-02', 'cloe@gmail.com'),
('41133304888', 'Derick', '37980943714', 'Rua Cavalcanti 145', '1972-05-15', 'derick@gmail.com'),
('20786245094', 'Helena', '37997819814', 'Rua Chaves 266', '1966-01-03', 'helena@gmail.com'),
('59624894361', 'Safira', '37923731404', 'Rua Conceição 389', '1997-01-05', 'safira@gmail.com'),
('05596917123', 'Mayra', '37974534693', 'Rua Córdoba 154', '1988-08-07', 'mayra@gmail.com'),
('12469598308', 'Arianna', '37915566690', 'Rua Corte Real 290', '1968-08-9', 'arianna@gmail.com'),
('84247546153', 'Klara', '37918683654', 'Rua Cortês 64', '1987-08-28', 'klara@gmail.com'),
('93110205668', 'Liara', '37966549070', 'Rua Costa 421', '1992-12-17', 'liara@gmail.com'),
('32565032360', 'Flávio', '37922953223', 'Rua Coutinho 201', '1965-07-29', 'flávio@gmail.com'),
('17117508941', 'Robert', '37969074179', 'Rua Crespo 146', '1979-01-30', 'robert@gmail.com'),
('59370866386', 'Adriano', '37934518684', 'Rua Cunha 361', '1968-10-14', 'adriano@gmail.com'),
('36593146219', 'Hawa', '37988852587', 'Rua Curado 268', '1984-02-16', 'hawa@gmail.com'),
('21487344225', 'Cristóvão', '37990887798', 'Rua Custódio 123', '1978-06-02', 'cristóvão@gmail.com'),
('74977123517', 'Kauan', '37968586300', 'Rua D’Ávila 225', '1986-03-28', 'kauan@gmail.com'),
('36643093219', 'Mário', '37909059285', 'Rua da Conceição 316', '1960-04-18', 'mário@gmail.com'),
('62491576461', 'Ciara', '37907064275', 'Rua da Costa 16', '1963-05-28', 'ciara@gmail.com'),
('79264751267', 'George', '37963787655', 'Rua da Cruz 221', '2001-06-21', 'george@gmail.com'),
('03861418002', 'Marina', '37979039245', 'Rua da Cunha 85', '1965-11-26', 'marina@gmail.com'),
('89907989459', 'Kelton', '37994608397', 'Rua da Luz 22', '2001-07-15', 'kelton@gmail.com'),
('66589513813', 'Cauã', '37937738704', 'Rua da Mata 284', '1983-01-05', 'cauã@gmail.com'),
('44153269779', 'Lyana', '37961321673', 'Rua da Mota 31', '1999-06-07', 'lyana@gmail.com'),
('83183516201', 'Zaqueu', '37959225295', 'Rua da Paz 216', '1998-10-07', 'zaqueu@gmail.com'),
('58039581601', 'Anthony', '37961840874', 'Rua da Rocha 308', '1988-02-01', 'anthony@gmail.com'),
('15358816042', 'Luciana', '37996333587', 'Rua da Rosa 349', '1999-03-04', 'luciana@gmail.com'),
('84682785929', 'Cinara', '37993385321', 'Rua Damásio 291', '1989-01-06', 'cinara@gmail.com'),
('92078862902', 'Noé', '37942878790', 'Rua Dantas 439', '1964-12-27', 'noé@gmail.com'),
('93719860089', 'Claúdio', '37977878547', 'Rua das Neves 187', '1995-02-08', 'claúdio@gmail.com'),
('12955642792', 'Julia', '37913383436', 'Rua Dias 408', '1976-9-07', 'julia@gmail.com'),
('83305200157', 'Violeta', '37956106943', 'Rua Dias 244', '1992-02-27', 'violeta@gmail.com'),
('27835464522', 'Mercedes', '37972826097', 'Rua Dinís 15', '1967-06-05', 'mercedes@gmail.com'),
('75617747841', 'Filip', '37994475533', 'Rua Domingues 76', '1967-08-08', 'filip@gmail.com'),
('37556996595', 'Kaio', '37909729224', 'Rua Dorneles 45', '1973-07-01', 'kaio@gmail.com'),
('97617065468', 'Eveline', '37960830438', 'Rua dos Reis 82', '1981-9-14', 'eveline@gmail.com'),
('95593884466', 'Ishan', '37911995052', 'Rua Drumond 475', '1966-12-27', 'ishan@gmail.com'),
('70899402381', 'Nicolas', '37934692632', 'Rua Duarte 265', '1963-9-23', 'nicolas@gmail.com'),
('85952686320', 'Nicolly', '37935032048', 'Rua Escobar 199', '2000-06-18', 'nicolly@gmail.com'),
('60589249513', 'Naomi', '37969989653', 'Rua Espinosa 304', '1977-01-16', 'naomi@gmail.com'),
('85206793215', 'Absalão', '37978200240', 'Rua Esteves 403', '1962-07-27', 'absalão@gmail.com'),
('57090873408', 'Pandora', '37914315139', 'Rua Evangelista 442', '1967-03-14', 'pandora@gmail.com'),
('81664608864', 'Miguel', '37961622205', 'Rua Farias 123', '1981-01-08', 'miguel@gmail.com'),
('18631938789', 'Calebe', '37905736799', 'Rua Farias 357', '1977-04-18', 'calebe@gmail.com'),
('24762658755', 'Chloé', '37997701238', 'Rua Félix 435', '1996-04-25', 'chloé@gmail.com'),
('26765933055', 'Nathaniel', '37945799202', 'Rua Fernandes 300', '2001-03-05', 'nathaniel@gmail.com'),
('09086015313', 'Igor', '37904078346', 'Rua Fernandes 348', '1975-07-19', 'igor@gmail.com'),
('27470792879', 'Sol', '37931602478', 'Rua Ferrari 365', '1974-08-20', 'sol@gmail.com'),
('60170588385', 'Jacinto', '37922041982', 'Rua Ferreira 468', '1967-05-18', 'jacinto@gmail.com'),
('84131707696', 'Ivo', '37999112216', 'Rua Figueiredo 468', '1971-05-04', 'ivo@gmail.com'),
('19958423962', 'Aminata', '37989112643', 'Rua Figueiroa 201', '1973-04-13', 'aminata@gmail.com'),
('09211200162', 'Zaira', '37941489944', 'Rua Flores 37', '1992-05-9', 'zaira@gmail.com');

INSERT INTO funcionario(id_funcionario, carga_horaria, turno, conta_bancaria)
VALUES
(1, '20', 'tarde', '28064869'),
(2, '20', 'manha', '55191069'),
(3, '40', 'integral', '56413974'),
(4, '40', 'integral', '60676945'),
(5, '20', 'tarde', '15712533'),
(6, '20', 'manha', '37979786'),
(7, '20', 'manha', '47070081'),
(8, '20', 'manha', '32835663'),
(9, '40', 'integral', '08470936'),
(10, '20', 'tarde', '91868526'),
(11, '20', 'manha', '45947926'),
(12, '40', 'integral', '78515798'),
(13, '20', 'manha', '32483768'),
(14, '20', 'tarde', '71152985'),
(15, '40', 'integral', '34886154'),
(16, '20', 'manha', '58429733'),
(17, '40', 'integral', '86659447'),
(18, '40', 'integral', '34163565'),
(19, '20', 'manha', '42007595'),
(20, '20', 'tarde', '14307040'),
(21, '40', 'integral', '61432487'),
(22, '20', 'tarde', '11757117'),
(23, '20', 'tarde', '43256612'),
(24, '20', 'manha', '65345640'),
(25, '20', 'tarde', '13607726'),
(26, '40', 'integral', '62347636'),
(27, '40', 'integral', '82998454'),
(28, '20', 'tarde', '50731770'),
(29, '20', 'manha', '26797336');

INSERT INTO atendente(id_atendente)
VALUES
(1),
(2),
(5),
(6),
(7),
(8),
(9),
(10),
(11),
(12),
(13),
(14),
(15),
(16),
(17),
(18),
(19),
(20),
(21),
(22),
(23),
(24),
(25),
(28),
(29);

INSERT INTO gerente(id_gerente)
VALUES
(3),
(4);

INSERT INTO veterinario(id_veterinario, crmv)
VALUES
(26, '15912-MG'),
(27, '12312-MG');

INSERT INTO cliente(id_cliente)
VALUES
(30),
(31),
(32),
(33),
(34),
(35),
(36),
(37),
(38),
(39),
(40),
(41),
(42),
(43),
(44),
(45),
(46),
(47),
(48),
(49),
(50),
(51),
(52),
(53),
(54),
(55),
(56),
(57),
(58),
(59),
(60),
(61),
(62),
(63),
(64),
(65),
(66),
(67),
(68),
(69),
(70),
(71),
(72),
(73),
(74),
(75),
(76),
(77),
(78),
(79),
(80),
(81),
(82),
(83),
(84),
(85),
(86),
(87),
(88),
(89),
(90),
(91),
(92),
(93),
(94),
(95),
(96),
(97),
(98),
(99),
(100);

INSERT INTO animal(id_cliente, porte, sexo, nome, peso, cor, raca)
VALUES
(30, 'P', 'M', 'Vida', '13', 'marrom', 'Buldogue francês'),
(31, 'P', 'M', 'Guga', '2', 'marrom', 'Shih-tzu'),
(32, 'M', 'M', 'Akira', '40', 'caramelo', 'Spitz alemão'),
(33, 'G', 'F', 'Capitu', '76', 'caramelo', 'Pug'),
(34, 'P', 'M', 'Dinamite', '4', 'marrom', 'Pug'),
(35, 'M', 'M', 'Madonna', '23', 'branco', 'Maltês'),
(36, 'M', 'M', 'Mina', '37', 'caramelo', 'Lhasa apso'),
(37, 'M', 'M', 'Ginger', '35', 'cinza', 'Pug'),
(38, 'G', 'F', 'Chucky', '61', 'marrom', 'Pug'),
(39, 'M', 'M', 'Hugo', '37', 'branco', 'Pug'),
(40, 'M', 'M', 'Zero', '41', 'cinza', 'Maltês'),
(41, 'P', 'M', 'Tommy', '12', 'preto', 'Spitz alemão'),
(42, 'G', 'F', 'Ingrid', '66', 'cinza', 'Maltês'),
(43, 'G', 'F', 'Uriel', '64', 'preto', 'Maltês'),
(44, 'M', 'M', 'Baby', '33', 'branco', 'Shih-tzu'),
(45, 'M', 'M', 'Brenda', '27', 'cinza', 'Vira-lata'),
(46, 'G', 'F', 'Chaplin', '67', 'cinza', 'Poodle'),
(47, 'M', 'M', 'Bingo', '31', 'caramelo', 'Buldogue francês'),
(48, 'M', 'F', 'Shazam', '48', 'pintado', 'Pug'),
(49, 'G', 'F', 'Bianca', '73', 'caramelo', 'Yorkshire Terrier'),
(50, 'G', 'F', 'Marrom', '53', 'preto', 'Border Collie'),
(51, 'G', 'F', 'Tambor', '54', 'preto', 'Yorkshire Terrier'),
(52, 'G', 'F', 'Chiquita', '78', 'marrom', 'Buldogue francês'),
(53, 'G', 'F', 'Guerreiro', '73', 'cinza', 'Golden Retriever'),
(54, 'M', 'F', 'Joca', '45', 'marrom', 'Golden Retriever'),
(55, 'M', 'M', 'Bruce', '31', 'cinza', 'Poodle'),
(56, 'G', 'F', 'Freddy', '86', 'branco', 'Shih-tzu'),
(57, 'M', 'M', 'Gana', '41', 'branco', 'Border Collie'),
(58, 'G', 'F', 'Jessie', '71', 'marrom', 'Vira-lata'),
(59, 'G', 'F', 'Miuxa', '86', 'preto', 'Lhasa apso'),
(60, 'G', 'F', 'Noel', '60', 'cinza', 'Maltês'),
(61, 'M', 'M', 'Alf', '24', 'pintado', 'Vira-lata'),
(62, 'G', 'F', 'Jimmy', '53', 'pintado', 'Spitz alemão'),
(63, 'G', 'F', 'Gorda', '53', 'caramelo', 'Maltês'),
(64, 'M', 'M', 'Tutty', '44', 'cinza', 'Pug'),
(65, 'M', 'M', 'Sombra', '24', 'marrom', 'Buldogue francês'),
(66, 'P', 'M', 'Sushi', '8', 'preto', 'Golden Retriever'),
(67, 'G', 'F', 'Pitoco', '85', 'preto', 'Vira-lata'),
(68, 'M', 'M', 'Neve', '33', 'pintado', 'Vira-lata'),
(69, 'G', 'F', 'Iury', '73', 'caramelo', 'Shih-tzu'),
(70, 'P', 'M', 'Billy', '5', 'branco', 'Lhasa apso'),
(71, 'G', 'F', 'Helga', '59', 'caramelo', 'Yorkshire Terrier'),
(72, 'P', 'M', 'Espoleta', '9', 'marrom', 'Spitz alemão'),
(73, 'G', 'F', 'Gisela', '66', 'preto', 'Golden Retriever'),
(74, 'G', 'F', 'Yasmim', '72', 'pintado', 'Golden Retriever'),
(75, 'G', 'F', 'Perseu', '85', 'cinza', 'Shih-tzu'),
(76, 'G', 'F', 'Andy', '51', 'preto', 'Yorkshire Terrier'),
(77, 'G', 'F', 'Pumpido', '80', 'branco', 'Poodle'),
(78, 'M', 'M', 'Slink', '26', 'caramelo', 'Buldogue francês'),
(79, 'M', 'M', 'Florinda', '42', 'marrom', 'Maltês'),
(80, 'G', 'F', 'Gaby', '74', 'preto', 'Lhasa apso'),
(81, 'G', 'F', 'Coca', '89', 'preto', 'Poodle'),
(82, 'G', 'F', 'Bobby', '80', 'pintado', 'Maltês'),
(83, 'G', 'F', 'Bryan', '51', 'caramelo', 'Vira-lata'),
(84, 'M', 'M', 'Mille', '23', 'marrom', 'Shih-tzu'),
(85, 'G', 'F', 'Talita', '61', 'marrom', 'Shih-tzu'),
(86, 'G', 'F', 'Tasha', '59', 'pintado', 'Maltês'),
(87, 'M', 'F', 'Bacon', '49', 'branco', 'Buldogue francês'),
(88, 'P', 'M', 'Huck', '12', 'cinza', 'Golden Retriever'),
(89, 'M', 'M', 'Dallas', '40', 'caramelo', 'Maltês'),
(90, 'M', 'F', 'Xica', '45', 'caramelo', 'Pug'),
(91, 'M', 'M', 'Danny', '26', 'caramelo', 'Maltês'),
(92, 'P', 'M', 'Digo', '7', 'preto', 'Poodle'),
(93, 'P', 'M', 'Franz', '9', 'pintado', 'Poodle'),
(94, 'M', 'M', 'Jasmim', '24', 'pintado', 'Vira-lata'),
(95, 'P', 'M', 'Chokito', '11', 'pintado', 'Golden Retriever'),
(96, 'P', 'M', 'Dudu', '11', 'preto', 'Buldogue francês'),
(97, 'G', 'F', 'Popó', '56', 'caramelo', 'Shih-tzu'),
(98, 'M', 'M', 'Ed', '21', 'preto', 'Shih-tzu'),
(99, 'P', 'M', 'Bambam', '9', 'preto', 'Buldogue francês'),
(100, 'M', 'M', 'Haiat', '43', 'branco', 'Yorkshire Terrier');

INSERT INTO produto(preco, nome_produto)
VALUES
(6.00, 'Ração Canina Pro Plan 2kG'),
(12.00, 'Ração Canina Pro Plan 5kG'),
(18.00, 'Ração Canina Pro Plan 10kG'),
(6.60, 'Ração Felina Pro Plan 2kG'),
(13.20, 'Ração Felina Pro Plan 5kG'),
(19.80, 'Ração Felina Pro Plan 10kG'),
(12.50, 'Ração Canina Royal Canin 2kG'),
(25.00, 'Ração Canina Royal Canin 5kG'),
(37.50, 'Ração Canina Royal Canin 10kG'),
(13.75, 'Ração Felina Royal Canin 2kG'),
(27.50, 'Ração Felina Royal Canin 5kG'),
(41.25, 'Ração Felina Royal Canin 10kG'),
(7.50, 'Ração Canina Golden 2kG'),
(15.00, 'Ração Canina Golden 5kG'),
(22.50, 'Ração Canina Golden 10kG'),
(8.25, 'Ração Felina Golden 2kG'),
(16.50, 'Ração Felina Golden 5kG'),
(24.75, 'Ração Felina Golden 10kG'),
(13.00, 'Ração Canina Dog Chow 2kG'),
(26.00, 'Ração Canina Dog Chow 5kG'),
(39.00, 'Ração Canina Dog Chow 10kG'),
(14.30, 'Ração Felina Dog Chow 2kG'),
(28.60, 'Ração Felina Dog Chow 5kG'),
(42.90, 'Ração Felina Dog Chow 10kG'),
(10.00, 'Ração Canina Equilíbrio 2kG'),
(20.00, 'Ração Canina Equilíbrio 5kG'),
(30.00, 'Ração Canina Equilíbrio 10kG'),
(11.00, 'Ração Felina Equilíbrio 2kG'),
(22.00, 'Ração Felina Equilíbrio 5kG'),
(33.00, 'Ração Felina Equilíbrio 10kG'),
(14.00, 'Ração Canina Max 2kG'),
(28.00, 'Ração Canina Max 5kG'),
(42.00, 'Ração Canina Max 10kG'),
(15.40, 'Ração Felina Max 2kG'),
(30.80, 'Ração Felina Max 5kG'),
(46.20, 'Ração Felina Max 10kG'),
(13.50, 'Ração Canina Pedigree 2kG'),
(27.00, 'Ração Canina Pedigree 5kG'),
(40.50, 'Ração Canina Pedigree 10kG'),
(14.85, 'Ração Felina Pedigree 2kG'),
(29.70, 'Ração Felina Pedigree 5kG'),
(44.55, 'Ração Felina Pedigree 10kG'),
(11.50, 'Ração Canina Herói 2kG'),
(23.00, 'Ração Canina Herói 5kG'),
(34.50, 'Ração Canina Herói 10kG'),
(12.65, 'Ração Felina Herói 2kG'),
(25.30, 'Ração Felina Herói 5kG'),
(37.95, 'Ração Felina Herói 10kG'),
(13.50, 'Ração Canina Faro Affinity 2kG'),
(27.00, 'Ração Canina Faro Affinity 5kG'),
(40.50, 'Ração Canina Faro Affinity 10kG'),
(14.85, 'Ração Felina Faro Affinity 2kG'),
(29.70, 'Ração Felina Faro Affinity 5kG'),
(44.55, 'Ração Felina Faro Affinity 10kG'),
(14.00, 'Ração Canina Champ 2kG'),
(28.00, 'Ração Canina Champ 5kG'),
(42.00, 'Ração Canina Champ 10kG'),
(15.40, 'Ração Felina Champ 2kG'),
(30.80, 'Ração Felina Champ 5kG'),
(46.20, 'Ração Felina Champ 10kG'),
(3.50, 'Comedouro Canino Pro Plan'),
(7.00, 'Brinquedo Canino Pro Plan'),
(10.50, 'Casinha Canina Pro Plan'),
(3.85, 'Comedouro Felino Pro Plan'),
(7.70, 'Brinquedo Felino Pro Plan'),
(11.55, 'Casinha Felina Pro Plan'),
(7.00, 'Comedouro Canino Royal Canin'),
(14.00, 'Brinquedo Canino Royal Canin'),
(21.00, 'Casinha Canina Royal Canin'),
(7.70, 'Comedouro Felino Royal Canin'),
(15.40, 'Brinquedo Felino Royal Canin'),
(23.10, 'Casinha Felina Royal Canin'),
(7.25, 'Comedouro Canino Golden'),
(14.50, 'Brinquedo Canino Golden'),
(21.75, 'Casinha Canina Golden'),
(7.98, 'Comedouro Felino Golden'),
(15.95, 'Brinquedo Felino Golden'),
(23.93, 'Casinha Felina Golden'),
(3.75, 'Comedouro Canino Dog Chow'),
(7.50, 'Brinquedo Canino Dog Chow'),
(11.25, 'Casinha Canina Dog Chow'),
(4.13, 'Comedouro Felino Dog Chow'),
(8.25, 'Brinquedo Felino Dog Chow'),
(12.38, 'Casinha Felina Dog Chow'),
(6.50, 'Comedouro Canino Equilíbrio'),
(13.00, 'Brinquedo Canino Equilíbrio'),
(19.50, 'Casinha Canina Equilíbrio'),
(7.15, 'Comedouro Felino Equilíbrio'),
(14.30, 'Brinquedo Felino Equilíbrio'),
(21.45, 'Casinha Felina Equilíbrio'),
(7.25, 'Comedouro Canino Max'),
(14.50, 'Brinquedo Canino Max'),
(21.75, 'Casinha Canina Max'),
(7.98, 'Comedouro Felino Max'),
(15.95, 'Brinquedo Felino Max'),
(23.93, 'Casinha Felina Max'),
(2.75, 'Comedouro Canino Pedigree'),
(5.50, 'Brinquedo Canino Pedigree'),
(8.25, 'Casinha Canina Pedigree'),
(3.03, 'Comedouro Felino Pedigree'),
(6.05, 'Brinquedo Felino Pedigree'),
(9.08, 'Casinha Felina Pedigree'),
(4.50, 'Comedouro Canino Herói'),
(9.00, 'Brinquedo Canino Herói'),
(13.50, 'Casinha Canina Herói'),
(4.95, 'Comedouro Felino Herói'),
(9.90, 'Brinquedo Felino Herói'),
(14.85, 'Casinha Felina Herói'),
(4.25, 'Comedouro Canino Faro Affinity'),
(8.50, 'Brinquedo Canino Faro Affinity'),
(12.75, 'Casinha Canina Faro Affinity'),
(4.68, 'Comedouro Felino Faro Affinity'),
(9.35, 'Brinquedo Felino Faro Affinity'),
(14.03, 'Casinha Felina Faro Affinity'),
(5.00, 'Comedouro Canino Champ'),
(10.00, 'Brinquedo Canino Champ'),
(15.00, 'Casinha Canina Champ'),
(5.50, 'Comedouro Felino Champ'),
(11.00, 'Brinquedo Felino Champ'),
(16.50, 'Casinha Felina Champ');

INSERT INTO estoque(lote, quantidade, id_produto, data_recibo)
VALUES
('01741288', 151, 1, '2020-07-19'),
('60987655', 139, 2, '2019-05-28'),
('61180998', 135, 3, '2020-05-04'),
('07798028', 123, 4, '2020-09-01'),
('07778760', 102, 5, '2019-05-05'),
('64964578', 119, 6, '2020-05-01'),
('56156238', 131, 7, '2020-02-21'),
('84407355', 68, 8, '2019-04-05'),
('02957884', 60, 9, '2020-02-06'),
('24010978', 112, 10, '2020-11-08'),
('06219663', 76, 11, '2020-02-26'),
('99398186', 50, 12, '2020-01-15'),
('74945615', 113, 13, '2020-10-30'),
('07426055', 55, 14, '2019-10-30'),
('86718033', 119, 15, '2020-04-26'),
('74226385', 169, 16, '2019-06-18'),
('09794734', 49, 17, '2019-12-09'),
('55711524', 73, 18, '2020-03-15'),
('91931788', 28, 19, '2020-10-06'),
('51508218', 65, 20, '2019-07-28'),
('84601887', 70, 21, '2020-05-01'),
('12468096', 123, 22, '2019-04-24'),
('61342866', 30, 23, '2019-11-03'),
('37686742', 101, 24, '2020-06-04'),
('74660434', 65, 25, '2019-07-28'),
('45279183', 136, 26, '2020-10-30'),
('09128958', 157, 27, '2019-09-06'),
('03356444', 162, 28, '2020-04-01'),
('73686698', 167, 29, '2019-06-21'),
('67742069', 75, 30, '2019-08-08'),
('99526379', 57, 31, '2020-05-08'),
('77658448', 120, 32, '2020-01-05'),
('98327327', 23, 33, '2019-10-15'),
('05558726', 131, 34, '2019-01-19'),
('66582168', 22, 35, '2019-05-21'),
('33101379', 114, 36, '2019-08-29'),
('63096264', 165, 37, '2019-02-02'),
('71090610', 161, 38, '2020-04-10'),
('53176363', 125, 39, '2019-09-01'),
('67492899', 151, 40, '2019-04-15'),
('38081561', 111, 41, '2020-04-21'),
('31449595', 92, 42, '2019-05-21'),
('60587936', 22, 43, '2020-03-28'),
('81625021', 95, 44, '2020-08-22'),
('60843922', 133, 45, '2020-03-26'),
('10327343', 97, 46, '2019-01-12'),
('82024497', 44, 47, '2019-10-14'),
('18317203', 124, 48, '2020-05-03'),
('45239700', 141, 49, '2020-04-30'),
('99872804', 118, 50, '2020-12-18'),
('59389856', 116, 51, '2020-10-14'),
('09156854', 133, 52, '2020-11-01'),
('54213867', 116, 53, '2019-08-26'),
('52951705', 121, 54, '2020-12-08'),
('23891113', 126, 56, '2020-07-23'),
('43240108', 23, 57, '2020-10-16'),
('31064009', 61, 58, '2019-10-24'),
('31775526', 28, 59, '2020-03-25'),
('24062517', 128, 60, '2020-04-28'),
('88479828', 59, 61, '2020-07-25'),
('27410301', 126, 62, '2020-12-25'),
('63668662', 114, 63, '2019-08-18'),
('50226839', 78, 64, '2020-08-05'),
('46785929', 144, 65, '2020-11-28'),
('75452819', 148, 66, '2020-02-01'),
('27788537', 123, 67, '2020-11-09'),
('46551619', 126, 68, '2020-05-11'),
('86587566', 86, 69, '2020-08-22'),
('87688013', 32, 70, '2019-06-05'),
('98845097', 145, 71, '2020-03-13'),
('52815385', 54, 72, '2019-05-24'),
('04637441', 32, 73, '2020-10-25'),
('15394900', 104, 74, '2019-07-30'),
('65507519', 139, 75, '2019-07-23'),
('76144573', 86, 76, '2019-10-05'),
('08232657', 51, 77, '2020-02-03'),
('25561883', 48, 78, '2020-08-16'),
('68176093', 135, 79, '2020-08-26'),
('92384109', 89, 80, '2019-06-06'),
('39445250', 162, 81, '2019-10-29'),
('57351613', 142, 82, '2019-04-19'),
('09943985', 59, 83, '2020-12-22'),
('62466820', 141, 84, '2019-03-28'),
('99909819', 108, 85, '2019-04-24'),
('56390475', 113, 86, '2020-11-17'),
('02843216', 55, 87, '2020-03-27'),
('32060495', 95, 88, '2020-07-30'),
('99347913', 40, 89, '2019-06-13'),
('62418720', 139, 90, '2019-09-28'),
('32974311', 147, 91, '2020-09-26'),
('25613580', 73, 92, '2020-03-04'),
('53686567', 128, 93, '2020-06-29'),
('52977376', 124, 94, '2020-03-04'),
('70501571', 67, 95, '2020-04-24'),
('73179035', 40, 96, '2019-08-15'),
('78535649', 157, 97, '2019-06-18'),
('70753139', 79, 98, '2020-10-01'),
('53113413', 125, 99, '2019-09-02'),
('11964182', 66, 100, '2020-09-19');

INSERT INTO venda(id_cliente, data_venda, valor_total, quantidade, id_produto)
VALUES
(30, '2019-07-21', 25, 5, 25),
(31, '2019-11-05', 20, 4, 27),
(32, '2019-08-13', 10, 2, 30),
(33, '2020-02-17', 5, 1, 32),
(34, '2019-02-21', 35, 7, 27),
(35, '2019-07-01', 30, 6, 29),
(36, '2019-02-06', 20, 4, 32),
(37, '2019-01-21', 30, 6, 31),
(38, '2020-10-20', 10, 2, 36),
(39, '2020-06-30', 20, 4, 35),
(40, '2019-12-07', 25, 5, 35),
(41, '2019-02-25', 5, 1, 40),
(42, '2019-09-03', 20, 4, 38),
(43, '2020-10-30', 30, 6, 37),
(44, '2020-10-18', 15, 3, 41),
(45, '2020-05-13', 30, 6, 39),
(46, '2019-09-03', 20, 4, 42),
(47, '2019-02-23', 25, 5, 42),
(48, '2020-09-06', 35, 7, 41),
(49, '2020-11-24', 20, 4, 45),
(50, '2019-09-20', 15, 3, 47),
(51, '2019-07-22', 30, 6, 45),
(52, '2019-12-07', 25, 5, 47),
(53, '2019-01-11', 5, 1, 52),
(54, '2020-05-10', 10, 2, 52),
(55, '2020-10-13', 5, 1, 54),
(56, '2019-11-27', 5, 1, 55),
(57, '2020-05-19', 5, 1, 56),
(58, '2020-11-19', 5, 1, 57),
(59, '2020-05-01', 35, 7, 52),
(60, '2020-06-01', 10, 2, 58),
(61, '2019-02-23', 5, 1, 60),
(62, '2020-11-09', 10, 2, 60),
(63, '2019-05-06', 35, 7, 56),
(64, '2020-06-04', 15, 3, 61),
(65, '2020-01-07', 20, 4, 61),
(66, '2019-06-16', 10, 2, 64),
(67, '2020-12-16', 5, 1, 66),
(68, '2020-08-24', 25, 5, 63),
(69, '2019-05-14', 5, 1, 68),
(70, '2020-07-06', 30, 6, 64),
(71, '2019-09-15', 30, 6, 65),
(72, '2019-03-21', 25, 5, 67),
(73, '2020-11-07', 20, 4, 69),
(74, '2019-07-08', 25, 5, 69),
(75, '2019-03-11', 35, 7, 68),
(76, '2019-04-17', 10, 2, 74),
(77, '2020-04-14', 35, 7, 70),
(78, '2020-04-19', 35, 7, 71),
(79, '2019-03-09', 30, 6, 73),
(80, '2020-05-12', 20, 4, 76),
(81, '2020-05-08', 25, 5, 76),
(82, '2020-01-16', 30, 6, 76),
(83, '2020-06-24', 15, 3, 80),
(84, '2020-04-09', 5, 1, 83),
(85, '2019-11-04', 15, 3, 82),
(86, '2020-08-27', 35, 7, 79),
(87, '2020-01-29', 30, 6, 81),
(88, '2020-11-19', 10, 2, 86),
(89, '2019-05-30', 5, 1, 88),
(90, '2019-02-03', 15, 3, 87),
(91, '2019-11-12', 30, 6, 85),
(92, '2019-08-13', 20, 4, 88),
(93, '2019-11-15', 5, 1, 92),
(94, '2020-11-26', 25, 5, 89),
(95, '2019-12-03', 15, 3, 92),
(96, '2020-05-14', 5, 1, 95),
(97, '2019-03-20', 15, 3, 94),
(98, '2020-05-28', 35, 7, 91),
(99, '2020-05-21', 20, 4, 95),
(100, '2020-10-06', 25, 5, 95);

INSERT INTO servicos(valor, data_servico, horario, id_cliente, id_animal)
VALUES
(10, '2020-08-13', '13:14', 30, 1),
(10, '2019-10-11', '10:13', 31, 2),
(10, '2020-05-21', '16:17', 32, 3),
(10, '2020-09-09', '10:55', 33, 4),
(10, '2019-02-21', '11:54', 34, 5),
(10, '2019-05-29', '17:43', 35, 6),
(10, '2020-07-17', '15:26', 36, 7),
(10, '2019-09-21', '16:02', 37, 8),
(10, '2020-04-02', '11:14', 38, 9),
(10, '2019-09-25', '11:50', 39, 10),
(10, '2019-05-29', '13:47', 40, 11),
(10, '2020-01-02', '15:23', 41, 12),
(10, '2020-01-02', '09:29', 42, 13),
(10, '2020-04-20', '08:57', 43, 14),
(10, '2019-08-03', '12:59', 44, 15),
(10, '2020-10-08', '14:51', 45, 16),
(10, '2020-04-05', '10:46', 46, 17),
(10, '2019-10-12', '15:51', 47, 18),
(10, '2019-05-04', '17:10', 48, 19),
(10, '2019-10-26', '16:16', 49, 20),
(20, '2020-06-29', '10:27', 50, 21),
(20, '2020-04-05', '13:13', 51, 22),
(20, '2020-07-16', '12:24', 52, 23),
(20, '2020-05-01', '11:58', 53, 24),
(20, '2019-10-24', '07:20', 54, 25),
(20, '2020-05-01', '15:25', 55, 26),
(20, '2019-02-06', '17:28', 56, 27),
(20, '2020-02-26', '14:15', 57, 28),
(20, '2019-05-13', '14:06', 58, 29),
(20, '2019-08-03', '07:06', 59, 30),
(20, '2020-01-28', '15:16', 60, 31),
(20, '2020-02-05', '07:11', 61, 32),
(20, '2020-05-10', '13:56', 62, 33),
(20, '2019-01-09', '17:53', 63, 34),
(20, '2019-08-25', '15:38', 64, 35),
(20, '2020-12-12', '14:44', 65, 36),
(20, '2019-02-19', '14:09', 66, 37),
(20, '2019-12-28', '07:23', 67, 38),
(20, '2019-08-05', '07:37', 68, 39),
(20, '2019-01-07', '13:45', 69, 40),
(20, '2019-01-22', '07:28', 70, 41),
(30, '2020-04-25', '07:47', 71, 42),
(30, '2019-07-20', '01:05', 72, 43),
(30, '2019-11-25', '15:47', 73, 44),
(30, '2019-06-14', '11:09', 74, 45),
(30, '2020-01-12', '09:51', 75, 46),
(30, '2020-01-12', '09:51', 76, 46),
(30, '2020-01-15', '15:33', 77, 48),
(30, '2020-09-29', '06:19', 78, 49),
(30, '2019-04-29', '07:16', 79, 50),
(30, '2019-02-24', '22:10', 80, 51),
(30, '2019-03-05', '13:35', 81, 52),
(30, '2020-08-11', '05:05', 82, 53),
(30, '2020-06-13', '22:07', 83, 54),
(30, '2019-12-11', '01:58', 84, 55),
(30, '2019-01-16', '00:41', 85, 56),
(30, '2020-12-12', '01:05', 86, 57),
(30, '2019-11-08', '02:05', 87, 58),
(30, '2020-08-02', '20:29', 88, 59),
(30, '2019-03-06', '13:37', 89, 60),
(30, '2019-01-05', '06:55', 90, 61),
(30, '2020-11-08', '15:59', 91, 62);

INSERT INTO atendimento_veterinario(id_servico, id_veterinario)
VALUES
(43, 26),
(44, 26),
(45, 27),
(46, 27),
(47, 26),
(48, 27),
(49, 26),
(50, 26),
(51, 26),
(52, 26),
(53, 26),
(54, 27),
(55, 26),
(56, 27),
(57, 27),
(58, 27),
(59, 26),
(60, 26);

INSERT INTO vacina(id_servico, id_veterinario, lote)
VALUES
(21, 27, '20850513'),
(22, 27, '20850513'),
(23, 27, '59603407'),
(24, 27, '82580836'),
(25, 26, '94773605'),
(26, 27, '40405450'),
(27, 27, '17433025'),
(28, 27, '54110646'),
(29, 26, '78068284'),
(30, 26, '95523561'),
(31, 26, '09309660'),
(32, 26, '49685965'),
(33, 26, '16909333'),
(34, 27, '56609806'),
(35, 26, '60520846'),
(36, 27, '72186635'),
(37, 26, '81616494'),
(38, 26, '27312653'),
(39, 26, '89390699'),
(40, 27, '66436437'),
(41, 27, '93739259');

INSERT INTO tosa_banho(id_servico)
VALUES
(2),
(3),
(4),
(5),
(6),
(7),
(8),
(9),
(10),
(11),
(12),
(13),
(14),
(15),
(16),
(17),
(18),
(19),
(20);